{
  "donorCountProbabilities": [
    1,
    0,
    0,
    0
  ],
  "patientBtDistribution": {
    "probO": 0.6202644851908248,
    "probA": 0.23809246641429765,
    "probB": 0.11315676393680785,
    "probAB": 0.02848628445806985
  },
  "probSpousal": 0,
  "probFemale": 0,
  "probSpousalPraCompatibility": 0,
  "numberOfInstances": 1,
  "patientsPerInstance": 5000,
  "proportionAltruistic": 0.05,
  "fileFormat": "json",
  "donorBtDistributionByPatientO": {
    "probO": 0.40337548593931083,
    "probA": 0.46451641658571907,
    "probB": 0.11722544882413682,
    "probAB": 0.014882648650833278
  },
  "donorBtDistributionByPatientA": {
    "probO": 0.29334394420929844,
    "probA": 0.5994117011755905,
    "probB": 0.08093816169454807,
    "probAB": 0.026306192920562986
  },
  "donorBtDistributionByPatientB": {
    "probO": 0.2902862709216183,
    "probA": 0.2532659164716986,
    "probB": 0.39074906778210955,
    "probAB": 0.06569874482457344
  },
  "donorBtDistributionByPatientAB": {
    "probO": 0.33433344676674764,
    "probA": 0.3876694270687011,
    "probB": 0.2116241719676884,
    "probAB": 0.06637295419686284
  },
  "donorBtDistributionByPatientNDD": {
    "probO": 0.510978974708866,
    "probA": 0.37756563650282854,
    "probB": 0.09294624990587613,
    "probAB": 0.018509138882429495
  },
  "compatPraBandsString": "0.0434637245068539 0\n0.00635239050484788 0.01 0.1\n0.00267469073888332 0.1 0.2\n0.00601805416248746 0.2 0.3\n0.00835840855901037 0.3 0.4\n0.0106987629555333 0.4 0.5\n0.0217318622534269 0.5 0.6\n0.0290872617853561 0.6 0.7\n0.0391173520561685 0.7 0.8\n0.0257438983617519 0.8 0.85\n0.0307589434971581 0.85 0.9\n0.0113674356402541 0.9\n0.0106987629555333 0.91\n0.0157138080909395 0.92\n0.0317619525242394 0.93\n0.0190571715145436 0.94\n0.0197258441992645 0.95\n0.0240722166499498 0.96\n0.0534938147776663 0.97\n0.0929455031761953 0.98\n0.180207288532263 0.99\n0.316950852557673 1\n",
  "incompatPraBandsString": "0.356760886172651 0\n0.038961038961039 0.01 0.1\n0.0133689839572193 0.1 0.2\n0.0106951871657754 0.2 0.3\n0.0210084033613445 0.3 0.4\n0.0244461420932009 0.4 0.5\n0.0336134453781513 0.5 0.6\n0.0305576776165011 0.6 0.7\n0.0427807486631016 0.7 0.8\n0.0355233002291826 0.8 0.85\n0.0458365164247517 0.85 0.9\n0.00649350649350649 0.9\n0.0126050420168067 0.91\n0.0286478227654698 0.92\n0.00649350649350649 0.93\n0.00763941940412529 0.94\n0.0156608097784568 0.95\n0.0236822001527884 0.96\n0.0152788388082506 0.97\n0.0252100840336134 0.98\n0.0966386554621849 0.99\n0.108097784568373 1\n",
  "fullDetails": true,
  "compatPraBands": [
    {
      "prob": 0.06009321421350999,
      "minPra": 0,
      "maxPra": 0
    },
    {
      "prob": 0.04900486131928168,
      "minPra": 0.01,
      "maxPra": 0.1
    },
    {
      "prob": 0.017428037321852278,
      "minPra": 0.1,
      "maxPra": 0.2
    },
    {
      "prob": 0.016714218408930136,
      "minPra": 0.2,
      "maxPra": 0.3
    },
    {
      "prob": 0.018852030982512067,
      "minPra": 0.3,
      "maxPra": 0.4
    },
    {
      "prob": 0.014881809701682673,
      "minPra": 0.4,
      "maxPra": 0.5
    },
    {
      "prob": 0.02560640328512364,
      "minPra": 0.5,
      "maxPra": 0.6
    },
    {
      "prob": 0.031536136774633815,
      "minPra": 0.6,
      "maxPra": 0.7
    },
    {
      "prob": 0.04253569005911044,
      "minPra": 0.7,
      "maxPra": 0.8
    },
    {
      "prob": 0.0266216854340493,
      "minPra": 0.8,
      "maxPra": 0.85
    },
    {
      "prob": 0.027450891725116066,
      "minPra": 0.85,
      "maxPra": 0.9
    },
    {
      "prob": 0.010988951262185385,
      "minPra": 0.9,
      "maxPra": 0.9
    },
    {
      "prob": 0.009518437467199858,
      "minPra": 0.91,
      "maxPra": 0.91
    },
    {
      "prob": 0.013519316563152358,
      "minPra": 0.92,
      "maxPra": 0.92
    },
    {
      "prob": 0.029817513368162407,
      "minPra": 0.93,
      "maxPra": 0.93
    },
    {
      "prob": 0.015796824608686377,
      "minPra": 0.94,
      "maxPra": 0.94
    },
    {
      "prob": 0.017930591625105703,
      "minPra": 0.95,
      "maxPra": 0.95
    },
    {
      "prob": 0.02037783112548806,
      "minPra": 0.96,
      "maxPra": 0.96
    },
    {
      "prob": 0.046202981293290354,
      "minPra": 0.97,
      "maxPra": 0.97
    },
    {
      "prob": 0.08327349046295432,
      "minPra": 0.98,
      "maxPra": 0.98
    },
    {
      "prob": 0.1557728161978058,
      "minPra": 0.99,
      "maxPra": 0.99
    },
    {
      "prob": 0.26607626680016727,
      "minPra": 1,
      "maxPra": 1
    }
  ],
  "incompatPraBands": [
    {
      "prob": 0.35315232210662695,
      "minPra": 0,
      "maxPra": 0
    },
    {
      "prob": 0.041290615754935235,
      "minPra": 0.01,
      "maxPra": 0.1
    },
    {
      "prob": 0.014594079330865659,
      "minPra": 0.1,
      "maxPra": 0.2
    },
    {
      "prob": 0.012278103996102574,
      "minPra": 0.2,
      "maxPra": 0.3
    },
    {
      "prob": 0.02129187571097797,
      "minPra": 0.3,
      "maxPra": 0.4
    },
    {
      "prob": 0.024735470631842258,
      "minPra": 0.4,
      "maxPra": 0.5
    },
    {
      "prob": 0.03098214566759977,
      "minPra": 0.5,
      "maxPra": 0.6
    },
    {
      "prob": 0.02988628898326215,
      "minPra": 0.6,
      "maxPra": 0.7
    },
    {
      "prob": 0.043307296486344016,
      "minPra": 0.7,
      "maxPra": 0.8
    },
    {
      "prob": 0.0383428478134286,
      "minPra": 0.8,
      "maxPra": 0.85
    },
    {
      "prob": 0.045671391940066045,
      "minPra": 0.85,
      "maxPra": 0.9
    },
    {
      "prob": 0.006175759833815455,
      "minPra": 0.9,
      "maxPra": 0.9
    },
    {
      "prob": 0.012454964344426856,
      "minPra": 0.91,
      "maxPra": 0.91
    },
    {
      "prob": 0.028297948525709264,
      "minPra": 0.92,
      "maxPra": 0.92
    },
    {
      "prob": 0.0065088976959739595,
      "minPra": 0.93,
      "maxPra": 0.93
    },
    {
      "prob": 0.0073766856044545845,
      "minPra": 0.94,
      "maxPra": 0.94
    },
    {
      "prob": 0.015116425688542639,
      "minPra": 0.95,
      "maxPra": 0.95
    },
    {
      "prob": 0.023889241829272767,
      "minPra": 0.96,
      "maxPra": 0.96
    },
    {
      "prob": 0.013388466213587143,
      "minPra": 0.97,
      "maxPra": 0.97
    },
    {
      "prob": 0.023366728511209845,
      "minPra": 0.98,
      "maxPra": 0.98
    },
    {
      "prob": 0.10010061625604903,
      "minPra": 0.99,
      "maxPra": 0.99
    },
    {
      "prob": 0.10779182707490724,
      "minPra": 1,
      "maxPra": 1
    }
  ]
}